username,password
Jayer,Jayer
Akzo,Akzo
Malix,Malix
Prnjo,Prnjo
Surin,Surin
Dynev,Dynev
Aksyn,Aksyn
Vijro,Vijro
Ravin,Ravin
Amiko,Amiko
Dyaku,Dyaku
Praso,Praso
Vikro,Vikro
Chano,Chano
Adyte,Adyte
Ravix,Ravix
Prapo,Prapo
Kiran,Kiran
Mangy,Mangy
Prash,Prash
Sujak,Sujak
Prago,Prago
Dinep,Dinep
Pradu,Pradu
Prajn,Prajn
